current_time,temp,humidity,main
2026-03-05 05:37:45,11.76,40,Haze
2026-03-05 06:08:10,10.38,23,Clouds
2026-03-05 07:10:04,11.76,43,Haze
2026-03-05 07:55:22,10.76,46,Haze
2026-03-05 08:44:00,10.76,46,Haze
2026-03-05 09:29:04,7.36,73,Rain
2026-03-05 10:09:41,5.74,86,Rain
2026-03-05 11:00:58,4.76,93,Rain
2026-03-05 11:43:24,3.76,93,Rain
2026-03-05 12:03:34,3.76,93,Rain
2026-03-05 13:23:46,1.86,97,Rain
2026-03-05 14:11:31,-0.24,100,Snow
2026-03-05 15:07:17,0.76,100,Snow
2026-03-05 16:02:05,2.3,96,Rain
2026-03-05 18:16:38,2.22,86,Clouds
2026-03-05 19:37:49,-0.24,100,Mist
2026-03-05 20:20:44,-0.24,100,Mist
2026-03-05 20:57:35,-0.24,100,Mist
2026-03-05 21:44:03,2.19,79,Clouds
2026-03-05 22:03:49,0.76,100,Mist
2026-03-05 23:18:45,1.76,93,Clouds
2026-03-06 00:00:32,2.53,71,Clouds
2026-03-06 02:46:45,3.76,81,Mist
2026-03-06 04:24:10,3.76,75,Clouds
2026-03-06 05:30:50,3.37,58,Clouds
2026-03-06 06:08:04,3.76,70,Mist
2026-03-06 07:07:31,4.26,45,Clouds
2026-03-06 07:51:18,2.76,70,Haze
2026-03-06 08:26:52,2.76,70,Clouds
2026-03-06 09:04:40,2.76,70,Haze
2026-03-06 09:53:58,2.76,65,Haze
2026-03-06 10:32:16,2.15,46,Clouds
2026-03-06 11:04:32,0.76,75,Haze
2026-03-06 11:40:51,0.88,43,Clouds
2026-03-06 11:59:37,0.88,43,Clouds
2026-03-06 13:17:10,-0.24,69,Clouds
2026-03-06 14:03:47,0.16,40,Clear
2026-03-06 14:53:53,-0.03,39,Clear
2026-03-06 15:34:55,-0.5,36,Clear
2026-03-06 16:04:26,-1.24,69,Clear
2026-03-06 16:57:48,-1.24,64,Clear
2026-03-06 17:42:46,-1.24,69,Clear
2026-03-06 18:24:15,-1.32,34,Clear
2026-03-06 19:08:39,-3.24,80,Clear
2026-03-06 19:47:41,-1.4,34,Clear
2026-03-06 20:16:27,-1.4,34,Clear
2026-03-06 20:50:53,-1.48,34,Clear
2026-03-06 21:19:40,-3.24,68,Clear
2026-03-06 21:48:33,-1.45,33,Clear
2026-03-06 22:13:36,-3.24,68,Clear
2026-03-06 22:49:11,-3.24,68,Clear
2026-03-06 23:15:20,-1.24,59,Clear
2026-03-06 23:44:39,-1.24,59,Clear
2026-03-07 00:00:27,-0.76,30,Clear
2026-03-07 02:40:31,1.76,35,Clear
2026-03-07 04:13:55,3.76,41,Clear
2026-03-07 05:09:49,3.76,41,Clear
2026-03-07 05:52:12,4.92,16,Clear
2026-03-07 06:30:27,4.76,33,Clear
2026-03-07 07:05:52,4.76,33,Clear
2026-03-07 07:40:33,4.76,33,Clear
2026-03-07 07:56:47,4.76,33,Clear
2026-03-07 08:38:09,4.76,30,Clear
2026-03-07 09:00:55,4.76,30,Clear
2026-03-07 09:38:55,2.76,35,Clear
2026-03-07 09:56:16,2.76,35,Clear
2026-03-07 10:28:45,1.76,41,Clear
2026-03-07 10:51:24,1.76,41,Clear
2026-03-07 11:12:35,-0.24,51,Clear
2026-03-07 11:34:10,1.86,26,Clear
2026-03-07 11:50:17,1.86,26,Clear
2026-03-07 12:20:41,-0.24,51,Clear
2026-03-07 13:11:37,0.81,28,Clear
2026-03-07 13:49:45,0.28,30,Clear
2026-03-07 14:12:28,0.28,30,Clear
2026-03-07 14:43:15,-0.05,32,Clear
2026-03-07 14:58:45,-2.24,64,Clear
2026-03-07 15:32:34,-2.24,64,Clear
2026-03-07 15:50:33,-2.24,64,Clear
2026-03-07 16:14:43,-3.24,74,Clear
2026-03-07 16:45:31,-0.5,34,Clear
2026-03-07 17:01:15,-0.5,34,Clear
2026-03-07 17:32:43,-4.24,74,Clear
2026-03-07 17:51:16,-0.59,35,Clear
2026-03-07 18:20:03,-4.24,80,Clear
2026-03-07 18:53:04,-4.24,80,Clear
2026-03-07 19:18:18,-0.59,35,Clear
2026-03-07 19:39:36,-0.61,35,Clear
2026-03-07 19:55:42,-4.24,80,Clear
2026-03-07 20:20:04,-0.61,35,Clear
2026-03-07 20:44:31,-5.24,80,Clear
2026-03-07 20:59:19,-0.65,35,Clear
2026-03-07 21:30:47,-5.24,86,Clear
2026-03-07 21:47:48,-5.24,86,Clear
2026-03-07 21:58:52,-0.64,34,Clear
2026-03-07 22:33:22,-0.64,34,Clear
2026-03-07 22:53:48,-6.24,93,Clear
2026-03-07 23:19:49,-2.24,80,Clear
2026-03-07 23:41:02,0.59,29,Clear
2026-03-07 23:55:47,-2.24,80,Clear
2026-03-08 02:26:11,2.47,22,Clouds
2026-03-08 04:23:55,5.76,31,Clear
2026-03-08 05:27:57,5.76,33,Clear
2026-03-08 06:04:39,5.76,33,Clear
2026-03-08 06:59:00,5.76,36,Clear
2026-03-08 07:37:57,4.76,36,Clear
2026-03-08 07:56:15,4.76,36,Clear
2026-03-08 08:36:48,5.76,33,Clear
2026-03-08 09:00:48,4.67,29,Clouds
2026-03-08 09:39:36,3.76,48,Clear
2026-03-08 09:57:34,3.61,39,Clouds
2026-03-08 10:33:37,1.76,60,Clear
2026-03-08 10:55:02,3.02,47,Clouds
2026-03-08 11:21:51,0.76,75,Clear
2026-03-08 11:41:45,0.76,75,Clear
2026-03-08 11:55:29,2.99,52,Clouds
2026-03-08 12:53:28,0.76,75,Clear
2026-03-08 13:37:31,2.69,61,Clear
2026-03-08 14:00:20,-0.24,86,Clear
2026-03-08 14:35:21,0.76,86,Clear
2026-03-08 14:55:52,2.42,63,Clear
2026-03-08 15:27:21,2.42,63,Clear
2026-03-08 15:48:16,2.14,64,Clear
2026-03-08 16:00:44,1.76,87,Clear
2026-03-08 16:41:36,1.89,63,Clear
2026-03-08 17:01:02,1.76,87,Clear
2026-03-08 17:34:27,1.76,93,Clear
2026-03-08 17:54:04,1.76,93,Clear
2026-03-08 18:31:17,1.76,87,Clouds
2026-03-08 19:00:02,1.76,87,Clouds
2026-03-08 19:32:12,1.15,60,Clear
2026-03-08 19:49:19,1.76,87,Clouds
2026-03-08 20:00:18,1.76,87,Clouds
2026-03-08 20:38:00,1.04,59,Clouds
2026-03-08 20:56:58,1.04,59,Clouds
2026-03-08 21:29:52,1.76,87,Clouds
2026-03-08 21:49:53,0.94,59,Clouds
2026-03-08 22:00:50,1.76,87,Mist
2026-03-08 22:36:08,1.76,80,Mist
2026-03-08 22:56:10,1.43,57,Clouds
2026-03-08 23:28:37,1.43,57,Clouds
2026-03-08 23:50:03,2.76,81,Haze
2026-03-09 00:58:55,3.76,70,Haze
2026-03-09 03:38:38,6.76,45,Clouds
2026-03-09 05:11:24,7.4,30,Clouds
2026-03-09 06:12:22,7.76,39,Clear
2026-03-09 07:18:52,6.76,45,Clear
2026-03-09 08:00:31,7.65,27,Clouds
2026-03-09 08:57:54,6.76,45,Haze
2026-03-09 10:02:00,5.76,49,Haze
2026-03-09 10:58:23,3.76,56,Haze
2026-03-09 11:39:59,4.7,38,Clouds
2026-03-09 12:01:42,4.7,38,Clouds
2026-03-09 13:37:05,1.76,64,Haze
2026-03-09 14:34:28,3.05,41,Clear
2026-03-09 15:37:42,3.05,41,Clear
2026-03-09 16:38:50,-2.24,86,Haze
2026-03-09 17:32:17,2.39,43,Clear
2026-03-09 18:27:30,2,44,Clear
2026-03-09 19:23:52,-4.24,93,Clear
2026-03-09 19:56:51,-4.24,93,Haze
2026-03-09 20:40:59,-4.24,93,Mist
2026-03-09 21:05:12,-4.24,93,Mist
2026-03-09 21:45:26,-4.24,100,Mist
2026-03-09 22:02:37,0.9,47,Clear
2026-03-09 22:43:32,1.45,44,Clouds
2026-03-09 23:03:03,-4.24,93,Mist
2026-03-09 23:38:33,2.38,39,Clouds
2026-03-09 23:56:32,2.38,39,Clouds
2026-03-10 02:28:17,6.76,42,Clear
2026-03-10 04:22:13,8.76,34,Clear
2026-03-10 05:29:51,7.07,29,Clouds
2026-03-10 06:07:15,7.03,26,Clouds
2026-03-10 07:07:17,6.82,26,Clear
2026-03-10 07:53:21,7.76,39,Haze
2026-03-10 08:36:28,6.76,39,Clear
2026-03-10 09:26:11,5.76,42,Clear
2026-03-10 10:07:20,5.76,42,Clear
2026-03-10 10:59:19,3.76,45,Clear
2026-03-10 11:40:53,3.96,39,Clear
2026-03-10 12:02:02,1.76,48,Clear
2026-03-10 13:23:59,4.03,36,Clear
2026-03-10 14:11:47,-0.24,69,Clear
2026-03-10 15:11:37,-1.24,74,Clear
2026-03-10 16:15:44,-3.24,86,Clear
2026-03-10 17:11:26,2.73,44,Clouds
2026-03-10 18:01:43,2.53,46,Clouds
2026-03-10 19:04:07,-1.24,86,Clear
2026-03-10 19:48:35,-1.24,86,Clear
2026-03-10 20:18:39,-1.24,93,Clear
2026-03-10 20:53:47,2.19,48,Clouds
2026-03-10 21:26:46,-1.24,93,Clear
2026-03-10 21:52:15,1.93,48,Clouds
2026-03-10 22:21:18,1.93,48,Clouds
2026-03-10 22:51:26,-0.24,80,Clear
2026-03-10 23:18:54,2.5,45,Clouds
2026-03-10 23:46:11,0.76,80,Clear
2026-03-11 00:00:09,0.76,80,Clear
2026-03-11 02:45:35,7.11,24,Clouds
2026-03-11 04:25:01,6.76,49,Clear
2026-03-11 05:32:36,6.76,45,Clouds
2026-03-11 06:29:16,9.34,23,Clouds
2026-03-11 07:27:59,8.76,53,Clouds
2026-03-11 08:02:36,8.76,53,Clouds
2026-03-11 08:57:00,8.38,35,Clouds
2026-03-11 09:52:08,5.76,70,Clear
2026-03-11 10:31:54,7.58,41,Clouds
2026-03-11 11:08:56,4.76,70,Clear
2026-03-11 11:47:47,3.76,75,Clear
2026-03-11 12:27:31,2.76,87,Clear
2026-03-11 13:46:25,-0.24,93,Clouds
2026-03-11 14:36:36,5.17,69,Clear
2026-03-11 15:33:04,-0.24,100,Clear
2026-03-11 16:31:21,-0.24,100,Mist
2026-03-11 17:30:53,4.69,73,Clear
2026-03-11 18:30:32,4.32,65,Clear
2026-03-11 19:27:11,-0.24,100,Mist
2026-03-11 19:59:12,-0.24,100,Mist
2026-03-11 20:43:29,3.47,64,Clear
2026-03-11 21:16:49,3.47,64,Clear
2026-03-11 21:50:28,3.22,64,Clear
2026-03-11 22:16:38,-2.24,100,Fog
2026-03-11 22:45:11,-2.24,100,Fog
2026-03-11 23:00:52,-2.24,100,Fog
2026-03-11 23:36:29,-0.24,100,Fog
2026-03-11 23:56:40,-0.24,100,Fog
2026-03-12 02:35:32,8.76,53,Haze
2026-03-12 04:27:08,12.76,38,Clear
2026-03-12 05:36:26,12.76,38,Clear
2026-03-12 06:33:06,12.76,33,Clear
2026-03-12 07:31:22,12.01,23,Clouds
2026-03-12 08:04:16,12.76,28,Clear
2026-03-12 08:59:09,10.96,29,Clouds
2026-03-12 09:55:35,10.2,30,Clouds
2026-03-12 10:41:22,9.76,29,Clear
2026-03-12 11:21:16,8.76,43,Clear
2026-03-12 11:47:48,8.76,43,Clear
2026-03-12 12:26:19,7.78,43,Clouds
2026-03-12 13:43:01,6.76,53,Clear
2026-03-12 14:35:11,5.76,56,Clear
2026-03-12 15:38:22,4.76,60,Clear
2026-03-12 16:41:30,2.76,70,Clear
2026-03-12 17:35:09,2.76,70,Clear
2026-03-12 18:30:00,1.76,75,Clear
2026-03-12 19:26:38,-1.24,86,Clear
2026-03-12 19:59:29,4.13,53,Clear
2026-03-12 20:48:16,0.76,80,Clear
2026-03-12 21:19:48,0.76,80,Clear
2026-03-12 21:52:03,0.76,80,Clear
2026-03-12 22:18:31,-0.24,93,Clear
2026-03-12 22:48:04,3.82,51,Clear
2026-03-12 23:14:44,1.76,87,Clear
2026-03-12 23:44:21,1.76,87,Clear
2026-03-13 00:01:01,1.76,87,Clear
2026-03-13 02:48:40,8.76,34,Clear
2026-03-13 04:26:44,10.76,28,Clear
2026-03-13 05:33:41,9.95,22,Clear
2026-03-13 06:29:59,12.76,26,Clear
2026-03-13 07:29:41,11.09,21,Clear
2026-03-13 08:03:11,11.1,22,Clear
2026-03-13 08:55:38,11.76,24,Clear
2026-03-13 09:41:41,10.76,37,Clear
2026-03-13 10:19:48,7.76,49,Clear
2026-03-13 11:00:37,9.48,28,Clouds
2026-03-13 11:39:15,8.81,30,Clouds
2026-03-13 12:00:44,5.76,56,Clear
2026-03-13 13:20:56,3.76,70,Clear
2026-03-13 14:09:24,8.09,34,Clouds
2026-03-13 15:01:47,7.45,36,Clouds
2026-03-13 15:54:42,1.76,93,Clear
2026-03-13 16:39:53,1.76,87,Clear
2026-03-13 17:22:06,6.57,39,Clouds
2026-03-13 17:57:35,1.76,87,Clear
2026-03-13 18:54:34,2.76,87,Clear
2026-03-13 19:30:49,5.62,44,Clouds
2026-03-13 19:57:41,5.62,44,Clouds
2026-03-13 20:46:10,2.76,87,Clear
2026-03-13 21:19:17,3.76,70,Clear
2026-03-13 21:51:50,3.76,70,Clear
2026-03-13 22:20:50,5.31,46,Clouds
2026-03-13 22:49:46,3.76,75,Clear
2026-03-13 23:15:12,5.7,45,Clouds
2026-03-13 23:46:23,5.76,56,Clear
2026-03-14 00:52:10,7.14,40,Clouds
2026-03-14 03:23:05,11.76,35,Clear
2026-03-14 04:56:31,12.76,33,Clear
2026-03-14 05:50:49,11.76,32,Clear
2026-03-14 06:33:15,11.02,26,Clouds
2026-03-14 07:22:59,10.68,25,Clouds
2026-03-14 07:54:40,9.89,27,Clouds
2026-03-14 08:34:59,9.03,33,Clouds
2026-03-14 09:03:15,7.76,39,Clear
2026-03-14 09:46:43,8.22,41,Clouds
2026-03-14 10:02:23,7.76,39,Clear
2026-03-14 10:42:23,6.76,45,Clear
2026-03-14 11:02:15,6.76,45,Clear
2026-03-14 11:34:47,6.76,53,Clear
2026-03-14 11:53:40,6.76,53,Clear
2026-03-14 12:43:40,5.76,61,Clear
2026-03-14 13:35:18,5.76,65,Clear
2026-03-14 14:03:46,6.69,66,Clouds
2026-03-14 14:45:12,5.76,81,Clouds
2026-03-14 15:12:57,6.36,71,Clouds
2026-03-14 15:45:01,5.76,81,Clouds
2026-03-14 16:01:01,5.76,81,Clouds
2026-03-14 16:45:09,6.02,75,Clouds
2026-03-14 17:13:31,5.76,93,Clouds
2026-03-14 17:45:00,5.72,77,Clouds
2026-03-14 18:01:02,5.72,77,Clouds
2026-03-14 18:54:04,5.76,100,Mist
2026-03-14 19:25:24,6.41,71,Clouds
2026-03-14 19:48:20,5.76,100,Mist
2026-03-14 20:01:19,6.26,71,Clouds
2026-03-14 20:40:49,6.15,72,Clouds
2026-03-14 21:01:03,5.76,100,Mist
2026-03-14 21:36:19,4.76,100,Mist
2026-03-14 21:56:15,6.15,72,Clouds
2026-03-14 22:30:50,6.15,72,Clouds
2026-03-14 22:56:34,5.76,100,Mist
2026-03-14 23:32:40,6.32,71,Clouds
2026-03-14 23:55:08,6.68,68,Clouds
2026-03-15 02:31:44,7.54,64,Clouds
2026-03-15 04:55:23,9.56,54,Clouds
2026-03-15 06:05:31,9.76,57,Haze
2026-03-15 07:12:08,10.76,50,Clouds
2026-03-15 07:53:21,10.76,50,Haze
2026-03-15 08:32:22,9.76,53,Haze
2026-03-15 09:04:50,8.32,55,Clouds
2026-03-15 09:48:14,7.39,58,Clouds
2026-03-15 10:15:35,6.76,70,Clear
2026-03-15 10:52:27,6.82,57,Clouds
2026-03-15 11:20:35,4.76,70,Clouds
2026-03-15 11:45:28,4.76,70,Clear
2026-03-15 12:00:03,4.76,70,Clear
2026-03-15 13:13:17,4.76,60,Clear
2026-03-15 13:56:48,5.45,56,Clear
2026-03-15 14:36:09,1.76,80,Clear
2026-03-15 15:00:30,5.16,56,Clouds
2026-03-15 15:39:08,-0.24,86,Mist
2026-03-15 15:59:26,-0.24,86,Mist
2026-03-15 16:44:16,4.53,57,Clouds
2026-03-15 17:13:17,4.53,57,Clouds
2026-03-15 17:46:25,4.35,58,Clouds
2026-03-15 18:02:34,-0.24,100,Mist
2026-03-15 18:56:13,4.19,61,Clouds
2026-03-15 19:31:12,4.19,61,Clouds
2026-03-15 19:52:30,4.12,60,Clouds
2026-03-15 20:21:36,4.12,60,Clouds
2026-03-15 20:51:08,-0.24,100,Mist
2026-03-15 21:18:42,-0.24,100,Mist
2026-03-15 21:46:50,-0.24,100,Mist
2026-03-15 22:01:32,-0.24,100,Mist
2026-03-15 22:41:26,4.34,58,Clouds
2026-03-15 23:03:14,4.34,58,Clouds
2026-03-15 23:39:58,1.76,100,Mist
2026-03-16 00:00:24,5.28,53,Clouds
2026-03-16 03:29:03,11.76,43,Haze
2026-03-16 05:30:40,11.76,40,Haze
2026-03-16 06:55:15,11.76,40,Haze
2026-03-16 08:08:02,11.15,26,Clouds
2026-03-16 09:12:22,11.76,37,Haze
2026-03-16 10:16:29,6.76,53,Clear
2026-03-16 11:14:14,8.83,31,Clouds
2026-03-16 12:00:05,8.24,32,Clouds
2026-03-16 13:48:33,3.76,75,Clear
2026-03-16 14:52:03,1.76,80,Clear
2026-03-16 15:58:30,6.51,34,Clear
2026-03-16 17:13:32,0.76,93,Clear
2026-03-16 18:10:51,5.76,34,Clear
2026-03-16 19:20:32,-0.24,86,Mist
2026-03-16 19:59:18,-0.24,86,Mist
2026-03-16 20:51:37,-1.24,100,Mist
2026-03-16 21:30:33,-2.24,100,Mist
2026-03-16 22:04:10,-2.24,100,Mist
2026-03-16 22:49:31,-2.24,100,Mist
2026-03-16 23:18:13,5.68,33,Clouds
2026-03-16 23:50:32,6.99,30,Clouds
2026-03-17 01:03:19,5.76,75,Mist
2026-03-17 03:41:36,12.76,33,Haze
2026-03-17 05:13:21,12.76,33,Haze
2026-03-17 06:15:08,14.76,29,Clear
2026-03-17 07:32:37,13.76,33,Haze
2026-03-17 08:09:05,13.76,33,Haze
2026-03-17 09:08:14,12.76,33,Haze
2026-03-17 10:08:17,12.22,20,Clear
2026-03-17 11:07:43,5.76,42,Clear
2026-03-17 11:54:39,10.31,20,Clouds
2026-03-17 13:11:34,9.76,22,Clouds
2026-03-17 14:35:39,9.16,23,Clouds
2026-03-17 15:42:44,2.76,75,Clear
2026-03-17 16:46:04,8.95,21,Clouds
2026-03-17 17:46:31,8.82,21,Clouds
2026-03-17 18:41:09,8.73,22,Clouds
2026-03-17 19:43:09,4.76,65,Clouds
2026-03-17 20:23:02,4.76,70,Rain
2026-03-17 21:03:13,4.76,70,Rain
2026-03-17 21:51:20,5.74,57,Rain
2026-03-17 22:23:24,5.74,57,Rain
2026-03-17 22:58:38,4.59,74,Rain
2026-03-17 23:40:42,6.76,76,Rain
2026-03-18 00:02:45,6.76,76,Rain
2026-03-18 03:17:00,3.76,100,Rain
2026-03-18 05:10:29,4.41,85,Rain
2026-03-18 06:13:47,8.76,71,Clouds
2026-03-18 07:31:24,9.76,66,Mist
2026-03-18 08:06:58,9.76,66,Mist
2026-03-18 09:06:27,8.76,66,Clouds
2026-03-18 10:09:48,6.86,59,Clouds
2026-03-18 11:09:51,5.76,81,Haze
2026-03-18 11:58:42,4.76,81,Clear
2026-03-18 13:46:24,3.76,87,Clouds
2026-03-18 14:53:07,3.76,65,Clear
2026-03-18 16:05:38,1.76,69,Clear
2026-03-18 17:16:12,1.76,60,Clear
2026-03-18 18:12:46,2.76,56,Clear
2026-03-18 19:18:35,-0.24,64,Clear
2026-03-18 19:56:18,-0.24,64,Clear
2026-03-18 20:42:24,2.76,35,Clouds
2026-03-18 21:20:54,2.76,35,Clouds
2026-03-18 21:55:00,-1.24,69,Clear
2026-03-18 22:33:10,-1.24,74,Clear
2026-03-18 23:01:08,3.37,30,Clouds
2026-03-18 23:38:54,3.37,30,Clouds
2026-03-18 23:59:02,2.76,60,Clear
2026-03-19 03:15:04,8.83,14,Clear
2026-03-19 05:05:48,11.76,26,Clear
2026-03-19 06:09:14,9.01,20,Clear
2026-03-19 07:13:49,8.76,27,Clear
2026-03-19 07:57:23,8.76,27,Clear
2026-03-19 08:53:55,7.76,34,Clear
2026-03-19 09:40:46,6.53,40,Clouds
2026-03-19 10:24:46,6.53,40,Clouds
2026-03-19 11:07:58,6.06,44,Clouds
2026-03-19 11:49:43,4.76,65,Clear
2026-03-19 12:31:11,5.8,46,Clouds
2026-03-19 13:51:40,3.76,75,Clear
2026-03-19 14:41:57,3.76,75,Clear
2026-03-19 15:37:44,2.76,81,Clear
2026-03-19 16:39:57,4.68,65,Clouds
2026-03-19 17:42:15,2.76,93,Clear
2026-03-19 18:35:02,-0.24,100,Clear
2026-03-19 19:31:29,-1.24,100,Clouds
2026-03-19 20:03:23,-1.24,100,Clouds
2026-03-19 20:53:24,3.4,75,Clear
2026-03-19 21:31:31,-2.24,100,Clouds
2026-03-19 21:58:03,-2.24,100,Clouds
2026-03-19 22:38:18,4.15,70,Clear
2026-03-19 23:02:09,0.76,100,Clouds
2026-03-19 23:39:35,3.76,87,Clear
2026-03-19 23:59:38,3.76,87,Clear
2026-03-20 02:49:32,8.76,66,Clouds
2026-03-20 04:28:37,10.76,54,Clouds
2026-03-20 05:36:49,11.76,50,Clear
2026-03-20 06:34:25,12.26,19,Clear
2026-03-20 07:32:45,12.76,38,Clear
2026-03-20 08:04:43,11.75,25,Clouds
2026-03-20 08:57:14,10.64,27,Clouds
2026-03-20 09:52:10,9.45,29,Clouds
2026-03-20 10:30:54,9.45,29,Clouds
2026-03-20 11:06:49,7.76,61,Clear
2026-03-20 11:45:13,6.76,61,Clear
2026-03-20 12:03:12,6.76,61,Clear
2026-03-20 13:22:15,1.76,80,Clear
2026-03-20 14:10:37,1.76,80,Clear
2026-03-20 15:02:52,1.76,75,Clear
2026-03-20 15:55:18,6.35,44,Clear
2026-03-20 16:46:06,-0.24,93,Clear
2026-03-20 17:26:10,-0.24,93,Clear
2026-03-20 18:01:48,-0.24,93,Clear
2026-03-20 19:03:41,-1.24,93,Mist
2026-03-20 19:46:31,-0.24,100,Mist
2026-03-20 20:16:31,4.9,50,Clear
2026-03-20 20:52:46,-1.24,93,Mist
2026-03-20 21:25:25,-1.24,100,Mist
2026-03-20 21:53:27,-1.24,100,Mist
2026-03-20 22:24:40,-0.24,100,Mist
2026-03-20 22:55:52,-0.24,100,Mist
2026-03-20 23:32:00,2.76,100,Mist
2026-03-20 23:54:54,6.75,38,Clear
2026-03-21 02:01:35,9.55,26,Clouds
2026-03-21 04:11:47,12.76,28,Clear
2026-03-21 05:13:04,13.76,18,Clear
2026-03-21 05:56:01,13.76,18,Clear
2026-03-21 06:50:45,13.76,28,Clear
2026-03-21 07:25:45,12.28,12,Clear
2026-03-21 07:52:59,13.76,28,Clear
2026-03-21 08:26:41,12.76,28,Clear
2026-03-21 08:58:26,12.76,28,Clear
2026-03-21 09:40:55,9.69,18,Clear
2026-03-21 09:59:19,10.76,28,Clear
2026-03-21 10:38:33,9.16,19,Clear
2026-03-21 10:59:03,6.76,33,Clear
2026-03-21 11:31:23,4.76,42,Clear
2026-03-21 11:50:43,4.76,42,Clear
2026-03-21 12:23:52,4.76,56,Clear
2026-03-21 13:24:18,8.37,22,Clear
2026-03-21 13:57:21,3.76,70,Clear
2026-03-21 14:34:21,8.37,22,Clear
2026-03-21 14:57:12,3.76,65,Clear
2026-03-21 15:33:01,8,24,Clouds
2026-03-21 15:52:40,1.76,69,Clear
2026-03-21 16:22:22,2.76,70,Clear
2026-03-21 16:52:42,7.41,28,Clouds
2026-03-21 17:20:37,1.76,80,Clear
2026-03-21 17:46:27,1.76,80,Clear
2026-03-21 18:01:05,1.76,80,Clear
2026-03-21 18:51:29,2.76,75,Clear
2026-03-21 19:17:25,7.38,25,Clouds
2026-03-21 19:41:15,2.76,81,Clear
2026-03-21 19:56:07,7.35,24,Clouds
2026-03-21 20:31:35,1.76,87,Clear
2026-03-21 20:54:37,1.76,87,Clear
2026-03-21 21:24:57,2.76,87,Clear
2026-03-21 21:47:53,2.76,87,Clear
2026-03-21 22:00:44,7.26,24,Clouds
2026-03-21 22:36:37,7.71,23,Clouds
2026-03-21 22:57:25,7.71,23,Clouds
2026-03-21 23:32:28,4.76,70,Clear
2026-03-21 23:53:22,8.61,22,Clouds
2026-03-22 01:55:20,11.18,18,Clouds
2026-03-22 04:21:49,16.76,20,Clear
2026-03-22 05:35:25,17.4,14,Clouds
2026-03-22 06:29:39,17.76,17,Clear
2026-03-22 07:24:39,16.76,16,Clear
2026-03-22 07:55:49,16.7,14,Clouds
2026-03-22 08:38:27,16.32,14,Clouds
2026-03-22 09:03:55,14.76,25,Clear
2026-03-22 09:46:13,12.76,21,Clear
2026-03-22 10:02:14,12.76,21,Clear
2026-03-22 10:42:59,11.88,18,Clouds
2026-03-22 11:01:52,9.76,34,Clear
2026-03-22 11:34:08,7.76,46,Clear
2026-03-22 11:52:42,7.76,46,Clear
2026-03-22 12:37:55,6.76,45,Clear
2026-03-22 13:31:34,5.76,49,Clear
2026-03-22 14:02:00,5.76,49,Clear
2026-03-22 14:40:13,9.44,24,Clouds
2026-03-22 15:00:14,5.76,49,Clear
2026-03-22 15:35:52,8.9,25,Clouds
2026-03-22 15:54:40,4.76,52,Clear
2026-03-22 16:30:30,1.76,69,Clear
2026-03-22 16:57:35,1.76,69,Clear
2026-03-22 17:32:51,2.76,75,Clear
2026-03-22 17:54:47,2.76,75,Clear
2026-03-22 18:37:26,8.1,29,Clouds
2026-03-22 19:05:15,1.76,75,Clear
2026-03-22 19:36:36,0.76,69,Clear
2026-03-22 19:52:42,0.76,69,Clear
2026-03-22 20:20:33,7.85,34,Clouds
2026-03-22 20:48:24,0.76,80,Clear
2026-03-22 21:14:03,0.76,80,Clear
2026-03-22 21:43:54,7.51,35,Clouds
2026-03-22 21:59:55,0.76,80,Clear
2026-03-22 22:37:30,0.76,80,Clear
2026-03-22 22:59:17,0.76,80,Clear
2026-03-22 23:37:23,5.76,70,Clear
2026-03-22 23:59:22,5.76,70,Clear
2026-03-23 03:18:18,15.76,21,Clear
2026-03-23 05:17:04,18.76,20,Clear
2026-03-23 06:42:07,18.76,20,Clear
2026-03-23 07:48:30,19.15,21,Clouds
2026-03-23 08:38:22,16.76,39,Clear
2026-03-23 09:44:57,17.15,25,Clouds
2026-03-23 10:38:42,10.76,54,Clear
2026-03-23 11:30:23,7.76,71,Clouds
2026-03-23 12:06:10,13.58,29,Clouds
2026-03-23 13:46:41,5.76,70,Clouds
2026-03-23 14:45:06,5.76,70,Clouds
2026-03-23 15:45:32,3.76,87,Clouds
2026-03-23 16:39:06,3.76,87,Clouds
2026-03-23 17:36:26,10.85,41,Clouds
2026-03-23 18:30:15,3.76,87,Mist
2026-03-23 19:31:08,10.08,41,Clouds
2026-03-23 20:05:58,2.76,93,Mist
2026-03-23 20:53:10,2.76,93,Mist
2026-03-23 21:31:49,9.55,47,Clouds
2026-03-23 21:59:04,3.76,93,Mist
2026-03-23 22:44:24,2.76,100,Mist
2026-03-23 23:17:26,8.76,71,Clear
2026-03-23 23:50:45,11.16,42,Clouds
2026-03-24 01:03:51,12.76,41,Haze
2026-03-24 03:41:39,16.66,34,Clouds
2026-03-24 05:14:57,17.36,30,Clouds
2026-03-24 06:16:03,15.76,39,Clear
2026-03-24 07:32:58,14.76,51,Clear
2026-03-24 08:09:34,14.76,55,Clear
2026-03-24 09:08:41,14.76,55,Clear
2026-03-24 10:09:18,13.86,40,Clouds
2026-03-24 11:09:42,12.71,42,Clouds
2026-03-24 11:56:59,12.45,38,Clouds
2026-03-24 13:25:36,12.48,40,Clouds
2026-03-24 14:41:18,12.07,39,Clouds
2026-03-24 15:47:10,8.76,81,Clouds
2026-03-24 16:45:15,11.37,39,Clouds
2026-03-24 17:42:53,11.01,39,Clouds
2026-03-24 18:41:16,7.76,87,Clouds
2026-03-24 19:41:54,6.76,100,Clouds
2026-03-24 20:25:15,10.63,32,Clouds
2026-03-24 21:04:29,6.76,100,Mist
2026-03-24 21:50:56,10.23,32,Clouds
2026-03-24 22:19:57,10.23,32,Clouds
2026-03-24 22:54:27,10.75,31,Clouds
2026-03-24 23:31:12,8.76,93,Mist
2026-03-24 23:58:10,8.76,93,Mist
2026-03-25 02:54:51,14.76,55,Clouds
2026-03-25 04:54:05,19.78,25,Clouds
2026-03-25 05:59:21,19.74,23,Clear
2026-03-25 07:15:16,16.76,48,Clear
2026-03-25 08:03:23,16.76,48,Clear
2026-03-25 09:04:54,14.76,44,Clear
2026-03-25 10:06:05,12.76,67,Clear
2026-03-25 11:05:53,13.36,40,Clear
2026-03-25 11:54:00,8.76,71,Clear
2026-03-25 13:05:23,7.76,87,Clear
2026-03-25 14:21:45,6.76,93,Clear
2026-03-25 15:42:07,6.76,100,Clouds
2026-03-25 16:46:33,5.76,100,Mist
2026-03-25 17:45:25,10.12,58,Clear
2026-03-25 18:37:14,3.76,100,Mist
2026-03-25 19:32:18,3.76,100,Mist
2026-03-25 20:05:00,3.76,100,Mist
2026-03-25 20:53:25,2.76,100,Mist
2026-03-25 21:35:26,9.23,62,Clouds
2026-03-25 22:06:01,9.3,61,Clouds
2026-03-25 22:54:11,2.76,100,Mist
2026-03-25 23:32:58,6.76,100,Mist
2026-03-26 00:02:02,6.76,100,Mist
2026-03-26 03:22:53,15.76,55,Haze
2026-03-26 05:19:52,16.76,39,Clear
2026-03-26 06:40:55,20.09,27,Clouds
2026-03-26 07:46:38,16.76,42,Haze
2026-03-26 08:35:54,14.76,47,Haze
2026-03-26 09:42:45,15.85,35,Clouds
2026-03-26 10:37:15,13.53,39,Clouds
2026-03-26 11:35:18,13.17,42,Clouds
2026-03-26 12:38:11,5.76,100,Mist
2026-03-26 14:11:27,3.76,100,Mist
2026-03-26 15:41:42,3.76,100,Mist
2026-03-26 16:46:22,3.76,100,Mist
2026-03-26 17:46:50,3.76,100,Mist
2026-03-26 18:44:01,3.76,100,Mist
2026-03-26 19:44:40,9.44,60,Clouds
2026-03-26 20:21:05,9.44,60,Clouds
2026-03-26 20:55:32,9.29,60,Clear
2026-03-26 21:33:51,5.76,100,Mist
2026-03-26 21:56:57,5.76,100,Mist
2026-03-26 22:37:11,9.3,59,Clear
2026-03-26 23:00:33,5.76,100,Mist
2026-03-26 23:42:54,6.76,100,Mist
2026-03-27 01:01:11,12.96,42,Clear
2026-03-27 03:54:42,13.76,62,Haze
2026-03-27 05:41:48,15.76,51,Haze
2026-03-27 06:49:16,15.76,48,Haze
2026-03-27 07:49:42,15.76,48,Haze
2026-03-27 08:35:38,17.71,40,Clear
2026-03-27 09:36:19,13.76,54,Haze
2026-03-27 10:30:09,14.94,47,Clear
2026-03-27 11:25:48,8.76,87,Clear
2026-03-27 12:03:20,8.76,87,Haze
2026-03-27 13:40:05,11.72,59,Clouds
2026-03-27 14:37:24,11.72,59,Clouds
2026-03-27 15:31:36,5.76,100,Fog
2026-03-27 16:30:49,11.03,59,Clouds
2026-03-27 17:29:57,5.76,100,Mist
2026-03-27 18:30:41,10.27,57,Clouds
2026-03-27 19:25:43,9.72,62,Clouds
2026-03-27 19:58:56,4.76,100,Mist
2026-03-27 20:50:59,4.76,100,Mist
2026-03-27 21:25:16,9.14,62,Clouds
2026-03-27 21:57:34,4.76,100,Mist
2026-03-27 22:41:05,5.76,100,Mist
2026-03-27 23:16:51,5.76,100,Mist
2026-03-27 23:48:33,11.53,48,Clouds
2026-03-28 00:57:40,9.76,71,Mist
2026-03-28 03:40:23,17.09,26,Clear
2026-03-28 05:12:57,18.22,23,Clear
2026-03-28 06:12:34,18.63,22,Clear
2026-03-28 07:15:54,18.76,32,Clear
2026-03-28 07:55:37,18.76,32,Haze
2026-03-28 08:42:39,17.76,42,Haze
2026-03-28 09:21:28,15.76,41,Clear
2026-03-28 09:57:33,15.76,41,Haze
2026-03-28 10:40:01,15.2,27,Clear
2026-03-28 11:03:54,15.2,27,Clear
2026-03-28 11:38:02,15.16,29,Clear
2026-03-28 11:57:24,14.04,33,Clear
2026-03-28 13:10:06,4.76,87,Clear
2026-03-28 13:57:12,4.76,87,Haze
2026-03-28 14:38:27,12.83,36,Clouds
2026-03-28 15:03:05,4.76,100,Haze
2026-03-28 15:44:08,4.76,100,Haze
2026-03-28 16:03:29,12.71,36,Clouds
2026-03-28 16:49:03,4.76,93,Haze
2026-03-28 17:17:38,3.76,93,Clouds
2026-03-28 17:50:30,11.94,37,Clouds
2026-03-28 18:23:05,3.76,100,Mist
2026-03-28 19:05:46,3.76,100,Mist
2026-03-28 19:42:23,3.76,100,Mist
2026-03-28 20:01:11,10.94,39,Clouds
2026-03-28 20:46:06,10.79,39,Clouds
2026-03-28 21:15:36,3.76,100,Mist
2026-03-28 21:47:35,3.76,100,Mist
2026-03-28 22:13:28,3.76,100,Clouds
2026-03-28 22:49:38,3.76,100,Haze
2026-03-28 23:17:37,7.76,87,Clouds
2026-03-28 23:49:44,7.76,87,Haze
2026-03-29 01:05:58,11.76,66,Haze
2026-03-29 04:10:00,19.76,24,Clear
2026-03-29 05:51:27,19.91,18,Clouds
2026-03-29 06:53:36,20.06,19,Clouds
2026-03-29 07:51:20,16.76,31,Haze
2026-03-29 08:28:49,19.03,21,Clouds
2026-03-29 09:07:46,14.76,29,Clear
2026-03-29 09:52:33,14.76,29,Clear
2026-03-29 10:26:40,15.32,18,Clouds
2026-03-29 11:01:10,11.76,35,Clear
2026-03-29 11:38:47,11.76,40,Clear
2026-03-29 11:59:07,11.76,40,Clear
2026-03-29 13:15:27,8.76,53,Clear
2026-03-29 14:01:15,8.76,53,Clear
2026-03-29 14:47:14,8.76,53,Clear
2026-03-29 15:17:32,7.76,66,Clear
2026-03-29 15:49:51,7.76,66,Clear
2026-03-29 16:19:14,13.16,22,Clouds
2026-03-29 16:57:33,12.66,24,Clouds
2026-03-29 17:39:03,12.55,24,Clouds
2026-03-29 18:01:38,10.76,43,Clear
2026-03-29 18:59:28,9.76,46,Clear
2026-03-29 19:39:28,12.81,23,Clouds
2026-03-29 20:00:21,12.52,23,Clouds
2026-03-29 20:46:44,8.76,61,Clear
2026-03-29 21:17:40,7.76,71,Clear
2026-03-29 21:50:25,7.76,71,Clear
2026-03-29 22:17:26,12.33,22,Clouds
2026-03-29 22:53:54,9.76,62,Clear
2026-03-29 23:29:53,10.76,58,Clear
2026-03-29 23:59:44,13.98,21,Clouds
2026-03-30 03:32:39,17.76,32,Clear
2026-03-30 05:49:21,20.76,28,Clear
2026-03-30 07:10:57,20.76,30,Clear
2026-03-30 08:49:49,18.03,25,Clouds
2026-03-30 10:02:56,17.76,42,Clear
2026-03-30 11:15:55,16.09,33,Clouds
2026-03-30 12:06:42,15.76,41,Rain
2026-03-30 14:01:03,13.88,63,Rain
2026-03-30 15:17:44,12.76,78,Rain
2026-03-30 16:16:07,11.76,100,Rain
2026-03-30 17:14:23,11.78,85,Rain
2026-03-30 18:08:56,12,77,Rain
2026-03-30 19:18:56,11.55,78,Rain
2026-03-30 20:04:07,10.76,100,Rain
2026-03-30 20:59:35,9.76,100,Rain
2026-03-30 21:52:59,9.76,100,Rain
2026-03-30 22:29:59,9.76,100,Rain
2026-03-30 23:05:48,11.35,77,Clouds
2026-03-30 23:50:30,10.76,93,Mist
2026-03-31 01:12:27,12.76,71,Clear
2026-03-31 04:08:25,15.76,63,Clouds
2026-03-31 05:53:22,20.16,39,Clouds
2026-03-31 07:07:35,17.76,48,Clouds
2026-03-31 08:15:18,18.12,45,Clouds
2026-03-31 09:34:44,17.39,49,Clouds
2026-03-31 10:37:17,15.55,54,Clouds
2026-03-31 11:33:20,15.55,59,Clouds
2026-03-31 12:36:55,10.76,82,Clear
2026-03-31 14:12:41,14.24,55,Clouds
2026-03-31 15:37:38,8.76,100,Clear
2026-03-31 16:38:57,7.76,100,Clear
2026-03-31 17:39:29,8.76,100,Clear
2026-03-31 18:38:22,8.76,100,Clear
2026-03-31 19:40:53,7.76,100,Clouds
2026-03-31 20:26:16,6.76,100,Clouds
2026-03-31 21:04:20,6.76,100,Clouds
2026-03-31 21:52:10,7.76,100,Clouds
2026-03-31 22:27:40,8.76,100,Clouds
2026-03-31 23:01:55,8.76,100,Clouds
2026-03-31 23:46:08,11.76,94,Clear
2026-04-01 01:09:45,13.76,77,Clear
2026-04-01 04:20:52,15.76,63,Clouds
2026-04-01 06:08:39,16.76,59,Haze
2026-04-01 07:53:31,14.76,51,Haze
2026-04-01 09:00:05,14.76,31,Clear
2026-04-01 10:13:40,11.76,40,Clear
2026-04-01 11:15:44,10.76,54,Clear
2026-04-01 12:04:18,10.76,54,Clear
2026-04-01 14:01:46,6.76,76,Clouds
2026-04-01 15:21:28,11.45,39,Clouds
2026-04-01 16:30:05,4.76,87,Clear
2026-04-01 17:31:00,3.76,93,Clear
2026-04-01 18:32:08,4.76,87,Clear
2026-04-01 19:40:21,3.76,93,Clear
2026-04-01 20:25:53,3.76,93,Mist
2026-04-01 21:08:46,3.76,93,Mist
2026-04-01 21:57:36,2.76,100,Mist
2026-04-01 22:49:07,3.76,100,Mist
2026-04-01 23:24:52,7.76,87,Mist
2026-04-01 23:56:44,7.76,87,Mist
2026-04-02 02:46:06,13.76,47,Clear
2026-04-02 04:54:32,16.76,36,Haze
2026-04-02 06:11:32,15.76,36,Clear
2026-04-02 07:41:54,15.76,39,Clear
2026-04-02 08:39:11,13.76,41,Clear
2026-04-02 09:43:39,12.76,41,Clear
2026-04-02 10:37:38,10.76,46,Clear
2026-04-02 11:31:07,9.76,53,Clear
2026-04-02 12:09:54,8.76,61,Clear
2026-04-02 13:57:05,7.76,71,Haze
2026-04-02 15:03:40,7.76,81,Haze
2026-04-02 16:09:45,5.76,100,Mist
2026-04-02 17:09:23,6.76,100,Mist
2026-04-02 18:00:37,6.76,100,Mist
2026-04-02 19:10:35,6.76,100,Mist
2026-04-02 19:57:24,5.76,100,Mist
2026-04-02 20:42:07,6.76,100,Mist
2026-04-02 21:20:49,6.76,100,Mist
2026-04-02 21:56:43,6.76,100,Mist
2026-04-02 22:37:40,6.76,100,Mist
2026-04-02 23:03:52,6.76,100,Mist
2026-04-02 23:48:14,8.76,81,Mist
2026-04-03 01:04:05,10.76,71,Haze
2026-04-03 03:53:02,17.76,45,Haze
2026-04-03 05:39:28,20.76,28,Haze
2026-04-03 06:50:15,21.76,26,Haze
2026-04-03 07:53:52,20.76,32,Clear
2026-04-03 08:50:47,19.76,37,Clear
2026-04-03 09:42:46,17.76,36,Clear
2026-04-03 10:29:19,15.76,36,Clear
2026-04-03 11:22:48,14.76,44,Clear
2026-04-03 11:57:43,14.76,44,Clear
2026-04-03 13:21:37,14.76,55,Clouds
2026-04-03 14:09:59,14.76,55,Clouds
2026-04-03 15:02:19,13.76,62,Clouds
2026-04-03 15:50:10,12.76,71,Clouds
2026-04-03 16:25:33,13.76,62,Rain
2026-04-03 17:04:22,13.76,62,Rain
2026-04-03 17:50:40,13.76,62,Rain
2026-04-03 18:31:32,12.76,67,Rain
2026-04-03 19:24:26,12.76,62,Rain
2026-04-03 19:58:21,12.76,62,Rain
2026-04-03 20:48:19,12.76,67,Haze
2026-04-03 21:20:07,12.76,67,Rain
2026-04-03 21:53:23,12.76,67,Rain
2026-04-03 22:28:47,11.76,76,Rain
2026-04-03 23:02:44,11.76,76,Rain
2026-04-03 23:46:27,12.76,71,Mist
2026-04-04 00:57:52,13.76,67,Mist
2026-04-04 03:37:33,18.76,52,Clouds
2026-04-04 05:11:53,18.76,55,Clouds
2026-04-04 06:13:26,17.76,59,Clouds
2026-04-04 07:28:42,16.76,63,Clear
2026-04-04 08:03:59,16.76,63,Clear
2026-04-04 08:55:40,15.76,63,Clear
2026-04-04 09:40:24,13.76,72,Clouds
2026-04-04 10:17:27,10.76,76,Clear
2026-04-04 10:54:57,10.76,76,Clear
2026-04-04 11:29:37,10.76,76,Clouds
2026-04-04 11:54:10,10.76,76,Clouds
2026-04-04 12:52:32,9.76,81,Clouds
2026-04-04 13:48:40,8.76,81,Clouds
2026-04-04 14:22:17,7.76,93,Clouds
2026-04-04 14:58:22,7.76,93,Mist
2026-04-04 15:40:21,7.76,87,Mist
2026-04-04 16:02:16,7.76,87,Mist
2026-04-04 16:50:23,7.76,93,Mist
2026-04-04 17:20:27,7.76,87,Clouds
2026-04-04 17:53:17,7.76,87,Mist
2026-04-04 18:36:24,6.76,93,Mist
2026-04-04 19:18:44,6.76,93,Clouds
2026-04-04 19:49:17,6.76,93,Mist
2026-04-04 20:15:11,6.76,87,Clouds
2026-04-04 20:51:22,6.76,87,Mist
2026-04-04 21:22:25,6.76,93,Clouds
2026-04-04 21:53:09,6.76,93,Mist
2026-04-04 22:24:31,6.76,87,Clouds
2026-04-04 22:56:34,6.76,87,Mist
2026-04-04 23:36:52,7.76,76,Mist
2026-04-05 00:00:00,7.76,76,Mist
2026-04-05 03:32:27,11.76,54,Haze
2026-04-05 05:28:00,14.76,47,Clear
2026-04-05 06:44:38,15.76,39,Clear
2026-04-05 07:43:02,15.76,39,Clear
2026-04-05 08:25:26,14.76,36,Clear
2026-04-05 09:07:38,14.76,36,Clear
2026-04-05 09:55:05,13.76,51,Clear
2026-04-05 10:34:54,11.76,58,Clear
2026-04-05 11:04:35,11.76,58,Clear
2026-04-05 11:41:17,10.76,66,Clear
2026-04-05 12:00:18,10.76,66,Rain
2026-04-05 13:18:02,8.76,81,Thunderstorm
2026-04-05 14:02:40,7.76,93,Thunderstorm
2026-04-05 14:49:45,7.76,93,Clouds
2026-04-05 15:19:43,8.76,87,Clouds
2026-04-05 15:51:18,8.76,87,Clouds
2026-04-05 16:25:51,8.76,93,Clouds
2026-04-05 17:02:15,8.76,93,Clouds
2026-04-05 17:45:38,7.76,100,Clouds
2026-04-05 18:21:29,8.76,100,Clouds
2026-04-05 19:08:01,8.76,100,Clouds
2026-04-05 19:48:30,8.76,100,Clouds
2026-04-05 20:17:02,8.76,100,Mist
2026-04-05 20:52:50,8.76,100,Mist
2026-04-05 21:26:26,9.76,100,Mist
2026-04-05 21:56:22,9.76,100,Rain
2026-04-05 22:36:33,9.76,100,Mist
2026-04-05 23:03:40,9.76,100,Mist
2026-04-05 23:47:03,9.76,100,Mist
2026-04-06 01:06:26,9.76,100,Mist
2026-04-06 04:15:22,10.76,76,Clear
2026-04-06 06:11:19,11.76,71,Haze
2026-04-06 08:03:12,15.85,25,Clouds
2026-04-06 09:21:22,15.16,17,Clouds
2026-04-06 10:36:06,13.46,15,Clouds
2026-04-06 11:31:32,8.76,46,Clear
2026-04-06 12:08:45,9.16,13,Clouds
2026-04-06 13:45:50,4.76,45,Clear
2026-04-06 14:37:49,4.76,48,Clear
2026-04-06 15:30:56,7.8,13,Clear
2026-04-06 16:25:57,7.53,15,Clear
2026-04-06 17:25:21,7.21,16,Clear
2026-04-06 18:11:42,7.09,18,Clear
2026-04-06 19:30:44,7.08,25,Clouds
2026-04-06 20:06:40,6.75,25,Clouds
2026-04-06 20:54:18,6.72,21,Clouds
2026-04-06 21:36:35,0.76,80,Clear
2026-04-06 22:03:48,6.82,21,Clear
2026-04-06 22:53:24,2.76,75,Clear
2026-04-06 23:31:27,7.35,18,Clear
2026-04-07 00:02:54,6.76,49,Clear
2026-04-07 03:27:08,10.72,13,Clear
2026-04-07 05:26:42,12.72,14,Clear
2026-04-07 06:52:57,12.76,30,Clear
2026-04-07 08:09:38,11.65,26,Clear
2026-04-07 09:19:39,10.86,31,Clear
2026-04-07 10:31:28,8.76,53,Clear
2026-04-07 11:32:39,9.43,33,Clear
2026-04-07 12:39:24,6.76,70,Clear
2026-04-07 14:14:05,8.37,33,Clear
2026-04-07 15:47:35,7.65,36,Clear
2026-04-07 16:42:05,7.33,39,Clear
2026-04-07 17:42:19,2.76,87,Clear
2026-04-07 18:39:20,7.07,49,Clear
2026-04-07 19:43:23,6.65,52,Clear
2026-04-07 20:28:16,6.65,52,Clear
2026-04-07 21:24:45,6.47,54,Clear
2026-04-07 22:04:04,6.61,54,Clear
2026-04-07 22:55:22,7.4,50,Clear
2026-04-07 23:38:16,6.76,76,Clear
2026-04-08 01:02:52,9.8,39,Clear
2026-04-08 04:07:03,13.63,25,Clear
2026-04-08 05:55:37,13.76,35,Clear
2026-04-08 07:24:03,14.63,18,Clear
2026-04-08 08:40:50,13.6,22,Clear
2026-04-08 09:49:51,12.95,24,Clear
2026-04-08 10:45:07,12.48,25,Clear
2026-04-08 11:41:47,9.76,57,Clear
2026-04-08 12:44:04,11.5,27,Clouds
2026-04-08 14:21:14,5.76,81,Clear
2026-04-08 15:52:31,10.56,32,Clouds
2026-04-08 16:54:01,10.42,34,Clouds
2026-04-08 18:05:33,10.31,33,Clouds
2026-04-08 19:38:45,10.38,31,Rain
2026-04-08 20:23:54,8.76,61,Clear
2026-04-08 21:09:10,8.76,61,Clear
2026-04-08 22:00:28,10.63,30,Clouds
2026-04-08 22:55:10,10.78,31,Clouds
2026-04-08 23:39:07,10.78,31,Clouds
2026-04-09 00:03:48,10.25,37,Clouds
2026-04-09 03:24:57,8.26,74,Rain
2026-04-09 05:27:14,8.96,75,Rain
2026-04-09 06:57:27,10.83,79,Rain
2026-04-09 08:22:41,10.88,80,Rain
2026-04-09 09:45:31,11.76,100,Rain
2026-04-09 10:47:53,9.94,90,Rain
2026-04-09 11:41:21,9.95,91,Rain
2026-04-09 12:47:36,10.26,93,Rain
2026-04-09 14:32:06,10.39,95,Rain
2026-04-09 16:05:43,10.51,94,Rain
2026-04-09 17:20:18,10.53,94,Clouds
2026-04-09 18:15:22,10.63,94,Rain
2026-04-09 19:41:06,10.94,96,Rain
2026-04-09 20:33:56,10.76,100,Drizzle
2026-04-09 21:27:28,9.76,100,Rain
2026-04-09 22:07:22,9.69,95,Clouds
2026-04-09 22:59:34,9.76,100,Rain
2026-04-09 23:49:16,9.69,94,Clouds
2026-04-10 01:06:48,9.69,89,Clouds
2026-04-10 04:16:41,12.57,70,Clouds
2026-04-10 06:11:27,11.6,72,Clouds
2026-04-10 08:00:12,11.3,72,Clouds
2026-04-10 09:20:33,10.5,76,Clouds
2026-04-10 10:31:26,9.88,78,Clouds
2026-04-10 11:28:19,9.76,93,Clouds
2026-04-10 12:07:17,8.9,84,Clouds
2026-04-10 13:47:48,8.92,86,Clouds
2026-04-10 14:39:42,8.18,87,Clear
2026-04-10 15:34:04,8.76,100,Clouds
2026-04-10 16:31:34,8,89,Clear
2026-04-10 17:28:50,7.76,100,Mist
2026-04-10 18:10:19,7.78,90,Clouds
2026-04-10 19:12:07,8.24,86,Clouds
2026-04-10 19:55:28,7.76,100,Mist
2026-04-10 20:39:50,8.22,85,Clouds
2026-04-10 21:20:17,8.22,85,Clouds
2026-04-10 21:58:33,8.51,83,Clouds
2026-04-10 22:49:16,9.31,79,Clouds
2026-04-10 23:22:27,9.31,79,Clouds
2026-04-10 23:57:31,8.76,93,Mist
2026-04-11 02:52:31,14.92,51,Clear
2026-04-11 04:50:45,17.09,45,Clear
2026-04-11 05:53:22,17.64,40,Clouds
2026-04-11 06:56:29,14.76,67,Clouds
2026-04-11 07:52:47,16.75,35,Clouds
2026-04-11 08:36:13,16.54,28,Clouds
2026-04-11 09:24:34,16.42,23,Clouds
2026-04-11 10:03:35,15.43,30,Clouds
2026-04-11 10:53:09,14.65,21,Clouds
2026-04-11 11:26:49,14.64,21,Clouds
2026-04-11 11:55:10,14.07,21,Clouds
2026-04-11 13:00:37,6.76,100,Mist
2026-04-11 13:59:33,6.76,100,Mist
2026-04-11 14:48:25,12.38,33,Clouds
2026-04-11 15:19:59,12.38,33,Clouds
2026-04-11 15:51:32,11.77,34,Clouds
2026-04-11 16:26:12,11.77,34,Clouds
2026-04-11 17:03:55,11.34,36,Clouds
2026-04-11 17:47:17,10.91,38,Clouds
2026-04-11 18:22:41,3.76,100,Fog
2026-04-11 19:09:54,10.01,58,Clouds
2026-04-11 19:49:36,9.71,58,Clouds
2026-04-11 20:17:00,9.71,58,Clouds
2026-04-11 20:53:59,9.53,57,Clouds
2026-04-11 21:30:13,4.76,100,Fog
2026-04-11 21:58:59,9.9,54,Clouds
2026-04-11 22:43:30,11.33,46,Clouds
2026-04-11 23:18:09,5.76,100,Fog
2026-04-11 23:53:35,13.04,36,Clouds
2026-04-12 02:12:52,16.73,37,Clouds
2026-04-12 05:07:41,19.76,37,Clear
2026-04-12 06:47:38,21.76,28,Clear
2026-04-12 07:54:19,23.65,17,Clouds
2026-04-12 08:46:02,21.76,33,Clear
2026-04-12 09:32:51,18.76,45,Clear
2026-04-12 10:21:57,19.48,35,Clouds
2026-04-12 11:04:05,18.33,26,Clouds
2026-04-12 11:46:21,17.71,27,Clouds
2026-04-12 12:28:26,17.72,28,Clouds
2026-04-12 13:42:20,11.76,54,Clear
2026-04-12 14:26:57,16.28,15,Clouds
2026-04-12 15:06:45,9.76,71,Clear
2026-04-12 15:50:42,15.05,16,Clouds
2026-04-12 16:25:26,8.76,71,Clear
2026-04-12 17:05:11,7.76,71,Clear
2026-04-12 17:50:38,14.02,18,Clouds
2026-04-12 18:30:50,6.76,87,Clear
2026-04-12 19:24:36,5.76,87,Clear
2026-04-12 19:58:29,13.31,19,Clear
2026-04-12 20:48:08,12.94,20,Clear
2026-04-12 21:20:29,12.94,20,Clear
2026-04-12 21:54:46,13.33,20,Clear
2026-04-12 22:34:21,13.33,20,Clear
2026-04-12 23:05:55,14.84,18,Clear
2026-04-12 23:50:01,16.5,17,Clear
2026-04-13 01:14:03,17.98,24,Clear
2026-04-13 04:31:19,25.07,24,Clear
2026-04-13 06:33:21,26.14,18,Clouds
2026-04-13 08:33:18,25.89,26,Clouds
2026-04-13 10:20:07,18.76,48,Clear
2026-04-13 11:46:41,15.76,55,Clear
2026-04-13 12:51:06,19.16,26,Clouds
2026-04-13 14:27:09,19.78,34,Clouds
2026-04-13 15:56:59,18.26,40,Clouds
2026-04-13 17:11:42,17.76,44,Clouds
2026-04-13 18:17:09,17.52,29,Clouds
2026-04-13 19:43:34,10.76,93,Clear
2026-04-13 20:38:18,16.94,34,Clouds
2026-04-13 21:31:19,16.39,39,Clouds
2026-04-13 22:25:16,16.54,41,Clouds
2026-04-13 23:10:42,14.76,72,Clear
2026-04-14 00:00:32,18.51,37,Clouds
2026-04-14 03:35:21,24.67,24,Clouds
2026-04-14 05:48:09,26.3,22,Clouds
2026-04-14 07:12:43,25.91,22,Clouds
2026-04-14 08:55:50,24.93,23,Clouds
2026-04-14 10:16:53,22.76,28,Clouds
2026-04-14 11:32:12,16.76,45,Clear
2026-04-14 12:41:44,18.04,35,Clouds
2026-04-14 14:24:20,16.09,45,Clouds
2026-04-14 15:48:55,11.76,76,Clear
2026-04-14 16:51:42,11.76,66,Clouds
2026-04-14 17:58:02,10.76,71,Clouds
2026-04-14 19:37:16,16.92,38,Clouds
2026-04-14 20:33:21,16.5,40,Clouds
2026-04-14 21:29:29,8.76,81,Clouds
2026-04-14 22:24:42,10.76,87,Clouds
2026-04-14 23:11:36,10.76,87,Clouds
2026-04-15 00:00:37,18.95,44,Clouds
2026-04-15 03:34:28,23.86,33,Clouds
2026-04-15 05:48:44,24.76,36,Clear
2026-04-15 07:13:08,25.37,28,Clouds
2026-04-15 08:56:11,21.76,43,Clear
2026-04-15 10:19:01,21.22,34,Clouds
2026-04-15 11:30:22,18.91,46,Clear
2026-04-15 12:41:05,17.59,38,Clear
2026-04-15 14:16:26,16.87,49,Clear
2026-04-15 15:40:31,15.18,47,Clear
2026-04-15 16:43:10,16.71,42,Clear
2026-04-15 17:49:22,15.86,46,Clear
2026-04-15 18:55:34,12.76,67,Clear
2026-04-15 20:03:38,14.51,51,Clear
2026-04-15 21:03:40,13.76,58,Clear
2026-04-15 22:01:11,14.29,51,Clear
2026-04-15 22:55:19,15.02,45,Clouds
2026-04-15 23:42:46,16.42,41,Clouds
2026-04-16 01:12:33,17.76,42,Clear
2026-04-16 04:25:14,24.31,23,Clouds
2026-04-16 06:18:46,26.76,19,Clear
2026-04-16 08:08:56,25.44,19,Clouds
2026-04-16 09:48:04,22.81,23,Clouds
2026-04-16 10:51:50,18.76,42,Clear
2026-04-16 11:53:48,16.76,51,Clear
2026-04-16 13:24:15,16.76,55,Clear
2026-04-16 15:11:51,17.68,38,Clouds
2026-04-16 16:49:23,18.5,33,Clouds
2026-04-16 17:59:49,12.76,82,Clear
2026-04-16 19:34:46,13.76,62,Clear
2026-04-16 20:26:27,17.53,22,Clouds
2026-04-16 21:11:34,16.73,29,Clouds
2026-04-16 21:59:57,15.97,39,Clouds
2026-04-16 22:55:24,15.13,42,Clouds
2026-04-16 23:41:23,16.87,39,Clouds
2026-04-17 01:09:55,17.51,35,Clouds
2026-04-17 04:22:12,18.51,43,Clouds
2026-04-17 06:18:15,20.85,38,Clouds
2026-04-17 08:08:18,18.76,48,Clear
2026-04-17 09:46:12,17.76,48,Clear
2026-04-17 10:43:37,15.06,52,Clouds
2026-04-17 11:38:20,13.76,67,Clear
2026-04-17 12:43:10,12.71,59,Clear
2026-04-17 14:09:26,11.97,60,Clear
2026-04-17 15:15:34,11.47,59,Clear
2026-04-17 16:15:00,11.83,61,Clear
2026-04-17 17:10:03,8.76,100,Clear
2026-04-17 18:05:41,14.05,62,Clear
2026-04-17 19:19:22,7.76,100,Clear
2026-04-17 20:06:39,13.64,65,Clouds
2026-04-17 21:01:55,13.39,66,Clouds
2026-04-17 21:56:17,8.76,100,Clear
2026-04-17 22:44:57,14.99,57,Clouds
2026-04-17 23:26:05,14.99,57,Clouds
2026-04-18 00:04:01,16.67,49,Clouds
2026-04-18 03:27:13,23.65,35,Clouds
2026-04-18 05:23:46,24.76,33,Clear
2026-04-18 06:44:29,27.4,25,Clouds
2026-04-18 07:48:08,28.27,24,Clouds
2026-04-18 08:33:04,23.76,43,Clear
2026-04-18 09:30:20,26.03,39,Clouds
2026-04-18 10:22:35,23.41,43,Clouds
2026-04-18 11:05:30,21.34,37,Clouds
2026-04-18 11:47:49,19.44,42,Clouds
2026-04-18 12:28:23,14.76,67,Clear
2026-04-18 13:43:11,19.59,51,Clouds
2026-04-18 14:27:03,20.05,50,Clouds
2026-04-18 15:08:14,13.76,77,Clear
2026-04-18 15:52:45,13.76,77,Clear
2026-04-18 16:32:28,12.76,88,Clear
2026-04-18 17:09:04,18.91,56,Clouds
2026-04-18 17:53:22,12.76,88,Clear
2026-04-18 18:41:50,12.76,88,Clear
2026-04-18 19:29:46,10.76,100,Clear
2026-04-18 20:03:06,18.05,46,Clouds
2026-04-18 20:50:23,10.76,100,Clear
2026-04-18 21:22:44,17.8,46,Clouds
2026-04-18 21:56:33,18.21,43,Clouds
2026-04-18 22:40:11,19.35,40,Clouds
2026-04-18 23:19:39,19.35,40,Clouds
2026-04-18 23:55:51,20.96,48,Clouds
2026-04-19 02:56:11,25.76,38,Clear
2026-04-19 05:32:13,27.94,27,Clouds
2026-04-19 06:59:53,26.76,24,Clear
2026-04-19 08:11:46,27.37,26,Clouds
2026-04-19 09:07:29,25.76,29,Clear
2026-04-19 09:59:47,22.67,32,Clouds
2026-04-19 10:53:22,18.76,48,Clear
2026-04-19 11:32:20,16.76,55,Clear
2026-04-19 12:01:13,16.76,55,Clear
2026-04-19 13:21:53,18.21,43,Clear
2026-04-19 14:07:30,17.14,43,Clear
2026-04-19 14:57:20,15.48,47,Clear
2026-04-19 15:44:51,14.86,50,Clear
2026-04-19 16:22:15,14.66,55,Clear
2026-04-19 17:03:01,13.88,55,Clear
2026-04-19 17:50:09,13.76,77,Clear
2026-04-19 18:30:18,16.69,46,Clouds
2026-04-19 19:26:30,16.03,49,Clouds
2026-04-19 20:01:42,11.76,94,Clear
2026-04-19 20:50:55,10.76,93,Clear
2026-04-19 21:25:05,15.36,52,Clouds
2026-04-19 21:58:59,11.76,94,Clear
2026-04-19 22:48:31,14.3,68,Clouds
2026-04-19 23:23:46,14.76,72,Clouds
2026-04-20 00:01:16,14.76,72,Clouds
2026-04-20 03:47:15,16.22,70,Clouds
2026-04-20 06:06:17,12.76,88,Clouds
2026-04-20 08:25:42,16.33,12,Clouds
2026-04-20 10:16:16,14.67,15,Clouds
2026-04-20 11:46:15,10.66,15,Clouds
2026-04-20 12:54:40,9.76,37,Clear
2026-04-20 14:50:05,7.98,39,Clear
2026-04-20 16:00:03,7.2,45,Clear
2026-04-20 17:16:12,9.64,46,Clear
2026-04-20 18:11:25,9.59,48,Clear
2026-04-20 19:34:38,9.46,48,Clear
2026-04-20 20:23:50,9.22,50,Clear
2026-04-20 21:09:08,9.18,52,Clear
2026-04-20 22:02:21,4.76,93,Clear
2026-04-20 22:58:53,6.76,87,Sand
2026-04-20 23:53:54,12.23,30,Clear
2026-04-21 02:25:22,15.41,22,Clouds
2026-04-21 05:13:32,18.38,26,Clouds
2026-04-21 07:07:04,16.76,31,Sand
2026-04-21 09:00:08,14.38,34,Clouds
2026-04-21 10:25:38,13.15,42,Clouds
2026-04-21 11:38:57,12.66,50,Clouds
2026-04-21 12:46:00,12.41,49,Clouds
2026-04-21 14:24:47,12.29,50,Clouds
2026-04-21 15:51:52,11.84,53,Clouds
2026-04-21 16:50:31,11.8,53,Clouds
2026-04-21 17:49:23,9.76,93,Sand
2026-04-21 18:51:18,8.76,93,Sand
2026-04-21 19:58:45,11.87,46,Clouds
2026-04-21 21:00:58,9.76,71,Clear
2026-04-21 21:55:28,12.2,43,Clouds
2026-04-21 22:39:04,10.76,62,Clear
2026-04-21 23:22:17,12.49,40,Clouds
2026-04-21 23:58:36,13.37,35,Clouds
2026-04-22 03:34:45,17.93,23,Clouds
2026-04-22 05:50:11,19.14,21,Clouds
2026-04-22 07:16:27,19.75,20,Clouds
2026-04-22 08:59:43,16.76,31,Clear
2026-04-22 10:25:12,14.76,41,Clear
2026-04-22 11:37:26,15.96,34,Clouds
2026-04-22 12:43:44,11.76,58,Clear
2026-04-22 14:24:30,15.11,38,Clouds
2026-04-22 15:49:43,8.76,93,Clear
2026-04-22 16:45:54,8.76,93,Clear
2026-04-22 17:46:12,13.66,43,Clouds
2026-04-22 18:50:54,13.36,44,Clouds
2026-04-22 19:59:31,12.94,44,Clouds
2026-04-22 21:04:57,12.67,44,Clouds
2026-04-22 22:01:27,13.05,42,Clouds
2026-04-22 23:00:07,9.76,81,Clear
2026-04-22 23:55:15,12.76,62,Clear
2026-04-23 02:43:20,19.76,28,Clear
2026-04-23 05:17:28,22.84,19,Clouds
2026-04-23 07:11:04,22.96,18,Clouds
2026-04-23 09:03:20,21.26,17,Clouds
2026-04-23 10:42:55,18.29,21,Clouds
2026-04-23 11:46:02,18.78,22,Clouds
2026-04-23 12:47:36,15.76,31,Clear
2026-04-23 15:02:18,15.76,27,Clear
2026-04-23 16:50:20,11.76,47,Clear
2026-04-23 18:01:03,11.76,40,Clear
2026-04-23 19:37:01,7.76,76,Clear
2026-04-23 20:36:40,6.76,76,Clear
2026-04-23 21:27:46,5.76,87,Clear
2026-04-23 22:10:22,5.76,87,Clear
2026-04-23 23:07:38,14.55,25,Clouds
2026-04-24 00:01:17,14.76,44,Clear
